Title,Price,Availability
A Light in the Attic,£51.77,Instock
Tipping the Velvet,£53.74,Instock
Soumission,£50.10,Instock
Sharp Objects,£47.82,Instock
Sapiens: A Brief History of Humankind,£54.23,Instock
The Requiem Red,£22.65,Instock
The Dirty Little Secrets of Getting Your Dream Job,£33.34,Instock
"The Coming Woman: A Novel Based on the Life of the Infamous Feminist, Victoria Woodhull",£17.93,Instock
The Boys in the Boat: Nine Americans and Their Epic Quest for Gold at the 1936 Berlin Olympics,£22.60,Instock
The Black Maria,£52.15,Instock
"Starving Hearts (Triangular Trade Trilogy, #1)",£13.99,Instock
Shakespeare's Sonnets,£20.66,Instock
Set Me Free,£17.46,Instock
Scott Pilgrim's Precious Little Life (Scott Pilgrim #1),£52.29,Instock
Rip it Up and Start Again,£35.02,Instock
"Our Band Could Be Your Life: Scenes from the American Indie Underground, 1981-1991",£57.25,Instock
Olio,£23.88,Instock
Mesaerion: The Best Science Fiction Stories 1800-1849,£37.59,Instock
Libertarianism for Beginners,£51.33,Instock
It's Only the Himalayas,£45.17,Instock
